{
  "config": {
    "data_path": "/home/summer/xuzhi_genesis/centers/naturalscience/chemistry/data/uspto50k_train.csv",
    "fp_radius": 2,
    "fp_bits": 2048,
    "hidden_dim": 128,
    "batch_size": 64,
    "epochs": 10,
    "lr": 0.001,
    "sample_size": 5000,
    "random_seed": 42
  },
  "metrics": {
    "accuracy": 0.572,
    "macro_precision": 0.5332202573392071,
    "macro_recall": 0.3480329294749886,
    "macro_f1": 0.3741839948921674,
    "per_class_precision": [
      0.5762273901808785,
      0.59375,
      0.5052631578947369,
      1.0,
      0.2,
      0.6,
      0.5569620253164557,
      0.5,
      0.3,
      0.5
    ],
    "per_class_recall": [
      0.7101910828025477,
      0.6608695652173913,
      0.42857142857142855,
      0.1,
      0.07692307692307693,
      0.6,
      0.4631578947368421,
      0.06666666666666667,
      0.08823529411764706,
      0.2857142857142857
    ]
  },
  "efficiency": {
    "avg_inference_time_ms": 0.2653151750564575,
    "max_memory_mb": 605.05078125,
    "total_runtime_sec": 8.393773555755615
  },
  "training_history": {
    "losses": [
      1.8067056470447116,
      1.3781072109464616,
      1.071506679058075,
      0.8590587983055721,
      0.7073974864823478,
      0.572131167328547,
      0.45669121401650564,
      0.3758843117763126,
      0.3038242303189777,
      0.25444464905867503
    ],
    "accuracies": [
      36.35,
      56.375,
      66.6,
      72.025,
      77.35,
      82.825,
      86.2,
      89.575,
      92.075,
      93.7
    ]
  },
  "confusion_matrix": [
    [
      223,
      45,
      13,
      0,
      3,
      18,
      9,
      0,
      2,
      1
    ],
    [
      46,
      152,
      14,
      0,
      0,
      14,
      4,
      0,
      0,
      0
    ],
    [
      28,
      14,
      48,
      0,
      0,
      13,
      7,
      1,
      1,
      0
    ],
    [
      11,
      3,
      0,
      2,
      0,
      3,
      0,
      0,
      1,
      0
    ],
    [
      4,
      5,
      0,
      0,
      1,
      1,
      1,
      0,
      1,
      0
    ],
    [
      26,
      20,
      7,
      0,
      0,
      96,
      11,
      0,
      0,
      0
    ],
    [
      24,
      6,
      8,
      0,
      1,
      12,
      44,
      0,
      0,
      0
    ],
    [
      8,
      3,
      2,
      0,
      0,
      1,
      0,
      1,
      0,
      0
    ],
    [
      14,
      8,
      3,
      0,
      0,
      2,
      3,
      0,
      3,
      1
    ],
    [
      3,
      0,
      0,
      0,
      0,
      0,
      0,
      0,
      2,
      2
    ]
  ],
  "class_distribution": {
    "0": 1568,
    "1": 1152,
    "5": 800,
    "2": 560,
    "6": 474,
    "8": 173,
    "3": 98,
    "7": 75,
    "4": 65,
    "9": 35
  }
}