{
  "last_run": "2026-03-21T13:04:00Z",
  "tasks_processed": 6,
  "research_items_found": 18,
  "seeds_processed": 23,
  "knowledge_gaps_identified": 6,
  "processed_seeds": [
    "arXiv:2603.18048",
    "arXiv:2603.18073",
    "arXiv:2603.18085",
    "arXiv:2603.18104",
    "arXiv:2603.18122"
  ]
}
